nontree_edge,cycle_vertices,cycle_rank_suit,cycle_edges,holonomy_mod3,holonomy_z6_rep
5-21,"[5, 0, 21, 5]","[(1, 1), (0, 0), (4, 1), (1, 1)]",3,0,3
5-37,"[5, 0, 37, 5]","[(1, 1), (0, 0), (7, 1), (1, 1)]",3,0,3
6-22,"[6, 0, 22, 6]","[(1, 2), (0, 0), (3, 2), (1, 2)]",3,0,3
6-38,"[6, 0, 38, 6]","[(1, 2), (0, 0), (6, 2), (1, 2)]",3,0,3
7-23,"[7, 0, 23, 7]","[(1, 3), (0, 0), (2, 3), (1, 3)]",3,0,3
7-39,"[7, 0, 39, 7]","[(1, 3), (0, 0), (5, 3), (1, 3)]",3,0,3
9-25,"[9, 0, 25, 9]","[(3, 1), (0, 0), (2, 1), (3, 1)]",3,0,3
9-29,"[9, 0, 29, 9]","[(3, 1), (0, 0), (9, 1), (3, 1)]",3,0,3
10-26,"[10, 0, 26, 10]","[(4, 2), (0, 0), (2, 2), (4, 2)]",3,0,3
10-30,"[10, 0, 30, 10]","[(4, 2), (0, 0), (8, 2), (4, 2)]",3,0,3
11-27,"[11, 0, 27, 11]","[(4, 3), (0, 0), (9, 3), (4, 3)]",3,0,3
11-31,"[11, 0, 31, 11]","[(4, 3), (0, 0), (6, 3), (4, 3)]",3,0,3
13-17,"[13, 0, 17, 13]","[(6, 1), (0, 0), (8, 1), (6, 1)]",3,0,3
13-33,"[13, 0, 33, 13]","[(6, 1), (0, 0), (5, 1), (6, 1)]",3,0,3
14-18,"[14, 0, 18, 14]","[(7, 2), (0, 0), (9, 2), (7, 2)]",3,0,3
14-34,"[14, 0, 34, 14]","[(7, 2), (0, 0), (5, 2), (7, 2)]",3,0,3
15-19,"[15, 0, 19, 15]","[(7, 3), (0, 0), (3, 3), (7, 3)]",3,0,3
15-35,"[15, 0, 35, 15]","[(7, 3), (0, 0), (8, 3), (7, 3)]",3,0,3
17-33,"[17, 0, 33, 17]","[(8, 1), (0, 0), (5, 1), (8, 1)]",3,0,3
18-34,"[18, 0, 34, 18]","[(9, 2), (0, 0), (5, 2), (9, 2)]",3,0,3
19-35,"[19, 0, 35, 19]","[(3, 3), (0, 0), (8, 3), (3, 3)]",3,0,3
21-37,"[21, 0, 37, 21]","[(4, 1), (0, 0), (7, 1), (4, 1)]",3,0,3
22-38,"[22, 0, 38, 22]","[(3, 2), (0, 0), (6, 2), (3, 2)]",3,0,3
23-39,"[23, 0, 39, 23]","[(2, 3), (0, 0), (5, 3), (2, 3)]",3,0,3
25-29,"[25, 0, 29, 25]","[(2, 1), (0, 0), (9, 1), (2, 1)]",3,0,3
26-30,"[26, 0, 30, 26]","[(2, 2), (0, 0), (8, 2), (2, 2)]",3,0,3
27-31,"[27, 0, 31, 27]","[(9, 3), (0, 0), (6, 3), (9, 3)]",3,0,3
1-36,"[1, 6, 36, 1]","[(0, 1), (1, 2), (7, 0), (0, 1)]",3,1,1
2-12,"[2, 5, 12, 2]","[(0, 2), (1, 1), (5, 0), (0, 2)]",3,1,1
2-16,"[2, 5, 16, 2]","[(0, 2), (1, 1), (6, 0), (0, 2)]",3,1,1
2-32,"[2, 5, 32, 2]","[(0, 2), (1, 1), (8, 0), (0, 2)]",3,1,1
3-8,"[3, 5, 8, 3]","[(0, 3), (1, 1), (2, 0), (0, 3)]",3,1,1
3-24,"[3, 5, 24, 3]","[(0, 3), (1, 1), (9, 0), (0, 3)]",3,1,1
3-28,"[3, 5, 28, 3]","[(0, 3), (1, 1), (3, 0), (0, 3)]",3,1,1
5-10,"[5, 0, 10, 5]","[(1, 1), (0, 0), (4, 2), (1, 1)]",3,1,1
5-11,"[5, 0, 11, 5]","[(1, 1), (0, 0), (4, 3), (1, 1)]",3,1,1
5-13,"[5, 0, 13, 5]","[(1, 1), (0, 0), (6, 1), (1, 1)]",3,1,1
5-22,"[5, 0, 22, 5]","[(1, 1), (0, 0), (3, 2), (1, 1)]",3,1,1
5-23,"[5, 0, 23, 5]","[(1, 1), (0, 0), (2, 3), (1, 1)]",3,1,1
5-29,"[5, 0, 29, 5]","[(1, 1), (0, 0), (9, 1), (1, 1)]",3,1,1
5-34,"[5, 0, 34, 5]","[(1, 1), (0, 0), (5, 2), (1, 1)]",3,1,1
5-35,"[5, 0, 35, 5]","[(1, 1), (0, 0), (8, 3), (1, 1)]",3,1,1
6-9,"[6, 0, 9, 6]","[(1, 2), (0, 0), (3, 1), (1, 2)]",3,1,1
6-14,"[6, 0, 14, 6]","[(1, 2), (0, 0), (7, 2), (1, 2)]",3,1,1
6-19,"[6, 0, 19, 6]","[(1, 2), (0, 0), (3, 3), (1, 2)]",3,1,1
6-21,"[6, 0, 21, 6]","[(1, 2), (0, 0), (4, 1), (1, 2)]",3,1,1
6-23,"[6, 0, 23, 6]","[(1, 2), (0, 0), (2, 3), (1, 2)]",3,1,1
6-27,"[6, 0, 27, 6]","[(1, 2), (0, 0), (9, 3), (1, 2)]",3,1,1
6-30,"[6, 0, 30, 6]","[(1, 2), (0, 0), (8, 2), (1, 2)]",3,1,1
6-33,"[6, 0, 33, 6]","[(1, 2), (0, 0), (5, 1), (1, 2)]",3,1,1
7-15,"[7, 0, 15, 7]","[(1, 3), (0, 0), (7, 3), (1, 3)]",3,1,1
7-17,"[7, 0, 17, 7]","[(1, 3), (0, 0), (8, 1), (1, 3)]",3,1,1
7-18,"[7, 0, 18, 7]","[(1, 3), (0, 0), (9, 2), (1, 3)]",3,1,1
7-21,"[7, 0, 21, 7]","[(1, 3), (0, 0), (4, 1), (1, 3)]",3,1,1
7-22,"[7, 0, 22, 7]","[(1, 3), (0, 0), (3, 2), (1, 3)]",3,1,1
7-25,"[7, 0, 25, 7]","[(1, 3), (0, 0), (2, 1), (1, 3)]",3,1,1
7-26,"[7, 0, 26, 7]","[(1, 3), (0, 0), (2, 2), (1, 3)]",3,1,1
7-31,"[7, 0, 31, 7]","[(1, 3), (0, 0), (6, 3), (1, 3)]",3,1,1
8-12,"[8, 5, 12, 8]","[(2, 0), (1, 1), (5, 0), (2, 0)]",3,1,1
8-24,"[8, 5, 24, 8]","[(2, 0), (1, 1), (9, 0), (2, 0)]",3,1,1
9-11,"[9, 0, 11, 9]","[(3, 1), (0, 0), (4, 3), (3, 1)]",3,1,1
9-14,"[9, 0, 14, 9]","[(3, 1), (0, 0), (7, 2), (3, 1)]",3,1,1
9-23,"[9, 0, 23, 9]","[(3, 1), (0, 0), (2, 3), (3, 1)]",3,1,1
9-26,"[9, 0, 26, 9]","[(3, 1), (0, 0), (2, 2), (3, 1)]",3,1,1
9-33,"[9, 0, 33, 9]","[(3, 1), (0, 0), (5, 1), (3, 1)]",3,1,1
9-35,"[9, 0, 35, 9]","[(3, 1), (0, 0), (8, 3), (3, 1)]",3,1,1
9-38,"[9, 0, 38, 9]","[(3, 1), (0, 0), (6, 2), (3, 1)]",3,1,1
10-13,"[10, 0, 13, 10]","[(4, 2), (0, 0), (6, 1), (4, 2)]",3,1,1
10-19,"[10, 0, 19, 10]","[(4, 2), (0, 0), (3, 3), (4, 2)]",3,1,1
10-23,"[10, 0, 23, 10]","[(4, 2), (0, 0), (2, 3), (4, 2)]",3,1,1
10-25,"[10, 0, 25, 10]","[(4, 2), (0, 0), (2, 1), (4, 2)]",3,1,1
10-27,"[10, 0, 27, 10]","[(4, 2), (0, 0), (9, 3), (4, 2)]",3,1,1
10-34,"[10, 0, 34, 10]","[(4, 2), (0, 0), (5, 2), (4, 2)]",3,1,1
10-37,"[10, 0, 37, 10]","[(4, 2), (0, 0), (7, 1), (4, 2)]",3,1,1
11-18,"[11, 0, 18, 11]","[(4, 3), (0, 0), (9, 2), (4, 3)]",3,1,1
11-22,"[11, 0, 22, 11]","[(4, 3), (0, 0), (3, 2), (4, 3)]",3,1,1
11-26,"[11, 0, 26, 11]","[(4, 3), (0, 0), (2, 2), (4, 3)]",3,1,1
11-29,"[11, 0, 29, 11]","[(4, 3), (0, 0), (9, 1), (4, 3)]",3,1,1
11-33,"[11, 0, 33, 11]","[(4, 3), (0, 0), (5, 1), (4, 3)]",3,1,1
11-35,"[11, 0, 35, 11]","[(4, 3), (0, 0), (8, 3), (4, 3)]",3,1,1
11-37,"[11, 0, 37, 11]","[(4, 3), (0, 0), (7, 1), (4, 3)]",3,1,1
12-16,"[12, 5, 16, 12]","[(5, 0), (1, 1), (6, 0), (5, 0)]",3,1,1
12-24,"[12, 5, 24, 12]","[(5, 0), (1, 1), (9, 0), (5, 0)]",3,1,1
13-18,"[13, 0, 18, 13]","[(6, 1), (0, 0), (9, 2), (6, 1)]",3,1,1
13-23,"[13, 0, 23, 13]","[(6, 1), (0, 0), (2, 3), (6, 1)]",3,1,1
13-30,"[13, 0, 30, 13]","[(6, 1), (0, 0), (8, 2), (6, 1)]",3,1,1
13-35,"[13, 0, 35, 13]","[(6, 1), (0, 0), (8, 3), (6, 1)]",3,1,1
13-37,"[13, 0, 37, 13]","[(6, 1), (0, 0), (7, 1), (6, 1)]",3,1,1
14-17,"[14, 0, 17, 14]","[(7, 2), (0, 0), (8, 1), (7, 2)]",3,1,1
14-19,"[14, 0, 19, 14]","[(7, 2), (0, 0), (3, 3), (7, 2)]",3,1,1
14-23,"[14, 0, 23, 14]","[(7, 2), (0, 0), (2, 3), (7, 2)]",3,1,1
14-27,"[14, 0, 27, 14]","[(7, 2), (0, 0), (9, 3), (7, 2)]",3,1,1
14-29,"[14, 0, 29, 14]","[(7, 2), (0, 0), (9, 1), (7, 2)]",3,1,1
14-38,"[14, 0, 38, 14]","[(7, 2), (0, 0), (6, 2), (7, 2)]",3,1,1
15-18,"[15, 0, 18, 15]","[(7, 3), (0, 0), (9, 2), (7, 3)]",3,1,1
15-22,"[15, 0, 22, 15]","[(7, 3), (0, 0), (3, 2), (7, 3)]",3,1,1
15-26,"[15, 0, 26, 15]","[(7, 3), (0, 0), (2, 2), (7, 3)]",3,1,1
15-39,"[15, 0, 39, 15]","[(7, 3), (0, 0), (5, 3), (7, 3)]",3,1,1
16-28,"[16, 5, 28, 16]","[(6, 0), (1, 1), (3, 0), (6, 0)]",3,1,1
16-32,"[16, 5, 32, 16]","[(6, 0), (1, 1), (8, 0), (6, 0)]",3,1,1
17-22,"[17, 0, 22, 17]","[(8, 1), (0, 0), (3, 2), (8, 1)]",3,1,1
17-25,"[17, 0, 25, 17]","[(8, 1), (0, 0), (2, 1), (8, 1)]",3,1,1
17-27,"[17, 0, 27, 17]","[(8, 1), (0, 0), (9, 3), (8, 1)]",3,1,1
17-34,"[17, 0, 34, 17]","[(8, 1), (0, 0), (5, 2), (8, 1)]",3,1,1
17-39,"[17, 0, 39, 17]","[(8, 1), (0, 0), (5, 3), (8, 1)]",3,1,1
18-21,"[18, 0, 21, 18]","[(9, 2), (0, 0), (4, 1), (9, 2)]",3,1,1
18-26,"[18, 0, 26, 18]","[(9, 2), (0, 0), (2, 2), (9, 2)]",3,1,1
18-31,"[18, 0, 31, 18]","[(9, 2), (0, 0), (6, 3), (9, 2)]",3,1,1
18-33,"[18, 0, 33, 18]","[(9, 2), (0, 0), (5, 1), (9, 2)]",3,1,1
18-35,"[18, 0, 35, 18]","[(9, 2), (0, 0), (8, 3), (9, 2)]",3,1,1
18-39,"[18, 0, 39, 18]","[(9, 2), (0, 0), (5, 3), (9, 2)]",3,1,1
19-21,"[19, 0, 21, 19]","[(3, 3), (0, 0), (4, 1), (3, 3)]",3,1,1
19-25,"[19, 0, 25, 19]","[(3, 3), (0, 0), (2, 1), (3, 3)]",3,1,1
19-27,"[19, 0, 27, 19]","[(3, 3), (0, 0), (9, 3), (3, 3)]",3,1,1
19-30,"[19, 0, 30, 19]","[(3, 3), (0, 0), (8, 2), (3, 3)]",3,1,1
19-34,"[19, 0, 34, 19]","[(3, 3), (0, 0), (5, 2), (3, 3)]",3,1,1
19-38,"[19, 0, 38, 19]","[(3, 3), (0, 0), (6, 2), (3, 3)]",3,1,1
21-26,"[21, 0, 26, 21]","[(4, 1), (0, 0), (2, 2), (4, 1)]",3,1,1
21-27,"[21, 0, 27, 21]","[(4, 1), (0, 0), (9, 3), (4, 1)]",3,1,1
21-38,"[21, 0, 38, 21]","[(4, 1), (0, 0), (6, 2), (4, 1)]",3,1,1
21-39,"[21, 0, 39, 21]","[(4, 1), (0, 0), (5, 3), (4, 1)]",3,1,1
22-25,"[22, 0, 25, 22]","[(3, 2), (0, 0), (2, 1), (3, 2)]",3,1,1
22-31,"[22, 0, 31, 22]","[(3, 2), (0, 0), (6, 3), (3, 2)]",3,1,1
22-35,"[22, 0, 35, 22]","[(3, 2), (0, 0), (8, 3), (3, 2)]",3,1,1
22-37,"[22, 0, 37, 22]","[(3, 2), (0, 0), (7, 1), (3, 2)]",3,1,1
22-39,"[22, 0, 39, 22]","[(3, 2), (0, 0), (5, 3), (3, 2)]",3,1,1
23-29,"[23, 0, 29, 23]","[(2, 3), (0, 0), (9, 1), (2, 3)]",3,1,1
23-30,"[23, 0, 30, 23]","[(2, 3), (0, 0), (8, 2), (2, 3)]",3,1,1
23-33,"[23, 0, 33, 23]","[(2, 3), (0, 0), (5, 1), (2, 3)]",3,1,1
23-34,"[23, 0, 34, 23]","[(2, 3), (0, 0), (5, 2), (2, 3)]",3,1,1
23-37,"[23, 0, 37, 23]","[(2, 3), (0, 0), (7, 1), (2, 3)]",3,1,1
23-38,"[23, 0, 38, 23]","[(2, 3), (0, 0), (6, 2), (2, 3)]",3,1,1
24-28,"[24, 5, 28, 24]","[(9, 0), (1, 1), (3, 0), (9, 0)]",3,1,1
25-27,"[25, 0, 27, 25]","[(2, 1), (0, 0), (9, 3), (2, 1)]",3,1,1
25-30,"[25, 0, 30, 25]","[(2, 1), (0, 0), (8, 2), (2, 1)]",3,1,1
25-39,"[25, 0, 39, 25]","[(2, 1), (0, 0), (5, 3), (2, 1)]",3,1,1
26-29,"[26, 0, 29, 26]","[(2, 2), (0, 0), (9, 1), (2, 2)]",3,1,1
26-31,"[26, 0, 31, 26]","[(2, 2), (0, 0), (6, 3), (2, 2)]",3,1,1
26-35,"[26, 0, 35, 26]","[(2, 2), (0, 0), (8, 3), (2, 2)]",3,1,1
26-39,"[26, 0, 39, 26]","[(2, 2), (0, 0), (5, 3), (2, 2)]",3,1,1
27-30,"[27, 0, 30, 27]","[(9, 3), (0, 0), (8, 2), (9, 3)]",3,1,1
27-34,"[27, 0, 34, 27]","[(9, 3), (0, 0), (5, 2), (9, 3)]",3,1,1
27-38,"[27, 0, 38, 27]","[(9, 3), (0, 0), (6, 2), (9, 3)]",3,1,1
28-32,"[28, 5, 32, 28]","[(3, 0), (1, 1), (8, 0), (3, 0)]",3,1,1
29-31,"[29, 0, 31, 29]","[(9, 1), (0, 0), (6, 3), (9, 1)]",3,1,1
29-34,"[29, 0, 34, 29]","[(9, 1), (0, 0), (5, 2), (9, 1)]",3,1,1
29-37,"[29, 0, 37, 29]","[(9, 1), (0, 0), (7, 1), (9, 1)]",3,1,1
30-33,"[30, 0, 33, 30]","[(8, 2), (0, 0), (5, 1), (8, 2)]",3,1,1
30-38,"[30, 0, 38, 30]","[(8, 2), (0, 0), (6, 2), (8, 2)]",3,1,1
31-39,"[31, 0, 39, 31]","[(6, 3), (0, 0), (5, 3), (6, 3)]",3,1,1
33-38,"[33, 0, 38, 33]","[(5, 1), (0, 0), (6, 2), (5, 1)]",3,1,1
34-37,"[34, 0, 37, 34]","[(5, 2), (0, 0), (7, 1), (5, 2)]",3,1,1
35-37,"[35, 0, 37, 35]","[(8, 3), (0, 0), (7, 1), (8, 3)]",3,1,1
1-20,"[1, 6, 20, 1]","[(0, 1), (1, 2), (4, 0), (0, 1)]",3,2,5
2-8,"[2, 5, 8, 2]","[(0, 2), (1, 1), (2, 0), (0, 2)]",3,2,5
2-24,"[2, 5, 24, 2]","[(0, 2), (1, 1), (9, 0), (0, 2)]",3,2,5
2-28,"[2, 5, 28, 2]","[(0, 2), (1, 1), (3, 0), (0, 2)]",3,2,5
3-12,"[3, 5, 12, 3]","[(0, 3), (1, 1), (5, 0), (0, 3)]",3,2,5
3-16,"[3, 5, 16, 3]","[(0, 3), (1, 1), (6, 0), (0, 3)]",3,2,5
3-32,"[3, 5, 32, 3]","[(0, 3), (1, 1), (8, 0), (0, 3)]",3,2,5
5-9,"[5, 0, 9, 5]","[(1, 1), (0, 0), (3, 1), (1, 1)]",3,2,5
5-14,"[5, 0, 14, 5]","[(1, 1), (0, 0), (7, 2), (1, 1)]",3,2,5
5-15,"[5, 0, 15, 5]","[(1, 1), (0, 0), (7, 3), (1, 1)]",3,2,5
5-17,"[5, 0, 17, 5]","[(1, 1), (0, 0), (8, 1), (1, 1)]",3,2,5
5-26,"[5, 0, 26, 5]","[(1, 1), (0, 0), (2, 2), (1, 1)]",3,2,5
5-27,"[5, 0, 27, 5]","[(1, 1), (0, 0), (9, 3), (1, 1)]",3,2,5
5-38,"[5, 0, 38, 5]","[(1, 1), (0, 0), (6, 2), (1, 1)]",3,2,5
5-39,"[5, 0, 39, 5]","[(1, 1), (0, 0), (5, 3), (1, 1)]",3,2,5
6-10,"[6, 0, 10, 6]","[(1, 2), (0, 0), (4, 2), (1, 2)]",3,2,5
6-13,"[6, 0, 13, 6]","[(1, 2), (0, 0), (6, 1), (1, 2)]",3,2,5
6-18,"[6, 0, 18, 6]","[(1, 2), (0, 0), (9, 2), (1, 2)]",3,2,5
6-25,"[6, 0, 25, 6]","[(1, 2), (0, 0), (2, 1), (1, 2)]",3,2,5
6-31,"[6, 0, 31, 6]","[(1, 2), (0, 0), (6, 3), (1, 2)]",3,2,5
6-35,"[6, 0, 35, 6]","[(1, 2), (0, 0), (8, 3), (1, 2)]",3,2,5
6-37,"[6, 0, 37, 6]","[(1, 2), (0, 0), (7, 1), (1, 2)]",3,2,5
6-39,"[6, 0, 39, 6]","[(1, 2), (0, 0), (5, 3), (1, 2)]",3,2,5
7-11,"[7, 0, 11, 7]","[(1, 3), (0, 0), (4, 3), (1, 3)]",3,2,5
7-19,"[7, 0, 19, 7]","[(1, 3), (0, 0), (3, 3), (1, 3)]",3,2,5
7-29,"[7, 0, 29, 7]","[(1, 3), (0, 0), (9, 1), (1, 3)]",3,2,5
7-30,"[7, 0, 30, 7]","[(1, 3), (0, 0), (8, 2), (1, 3)]",3,2,5
7-33,"[7, 0, 33, 7]","[(1, 3), (0, 0), (5, 1), (1, 3)]",3,2,5
7-34,"[7, 0, 34, 7]","[(1, 3), (0, 0), (5, 2), (1, 3)]",3,2,5
7-37,"[7, 0, 37, 7]","[(1, 3), (0, 0), (7, 1), (1, 3)]",3,2,5
7-38,"[7, 0, 38, 7]","[(1, 3), (0, 0), (6, 2), (1, 3)]",3,2,5
8-28,"[8, 5, 28, 8]","[(2, 0), (1, 1), (3, 0), (2, 0)]",3,2,5
8-32,"[8, 5, 32, 8]","[(2, 0), (1, 1), (8, 0), (2, 0)]",3,2,5
9-13,"[9, 0, 13, 9]","[(3, 1), (0, 0), (6, 1), (3, 1)]",3,2,5
9-15,"[9, 0, 15, 9]","[(3, 1), (0, 0), (7, 3), (3, 1)]",3,2,5
9-18,"[9, 0, 18, 9]","[(3, 1), (0, 0), (9, 2), (3, 1)]",3,2,5
9-21,"[9, 0, 21, 9]","[(3, 1), (0, 0), (4, 1), (3, 1)]",3,2,5
9-27,"[9, 0, 27, 9]","[(3, 1), (0, 0), (9, 3), (3, 1)]",3,2,5
9-30,"[9, 0, 30, 9]","[(3, 1), (0, 0), (8, 2), (3, 1)]",3,2,5
9-39,"[9, 0, 39, 9]","[(3, 1), (0, 0), (5, 3), (3, 1)]",3,2,5
10-14,"[10, 0, 14, 10]","[(4, 2), (0, 0), (7, 2), (4, 2)]",3,2,5
10-17,"[10, 0, 17, 10]","[(4, 2), (0, 0), (8, 1), (4, 2)]",3,2,5
10-22,"[10, 0, 22, 10]","[(4, 2), (0, 0), (3, 2), (4, 2)]",3,2,5
10-29,"[10, 0, 29, 10]","[(4, 2), (0, 0), (9, 1), (4, 2)]",3,2,5
10-31,"[10, 0, 31, 10]","[(4, 2), (0, 0), (6, 3), (4, 2)]",3,2,5
10-35,"[10, 0, 35, 10]","[(4, 2), (0, 0), (8, 3), (4, 2)]",3,2,5
10-39,"[10, 0, 39, 10]","[(4, 2), (0, 0), (5, 3), (4, 2)]",3,2,5
11-13,"[11, 0, 13, 11]","[(4, 3), (0, 0), (6, 1), (4, 3)]",3,2,5
11-15,"[11, 0, 15, 11]","[(4, 3), (0, 0), (7, 3), (4, 3)]",3,2,5
11-23,"[11, 0, 23, 11]","[(4, 3), (0, 0), (2, 3), (4, 3)]",3,2,5
11-30,"[11, 0, 30, 11]","[(4, 3), (0, 0), (8, 2), (4, 3)]",3,2,5
11-34,"[11, 0, 34, 11]","[(4, 3), (0, 0), (5, 2), (4, 3)]",3,2,5
11-38,"[11, 0, 38, 11]","[(4, 3), (0, 0), (6, 2), (4, 3)]",3,2,5
12-32,"[12, 5, 32, 12]","[(5, 0), (1, 1), (8, 0), (5, 0)]",3,2,5
13-15,"[13, 0, 15, 13]","[(6, 1), (0, 0), (7, 3), (6, 1)]",3,2,5
13-22,"[13, 0, 22, 13]","[(6, 1), (0, 0), (3, 2), (6, 1)]",3,2,5
13-25,"[13, 0, 25, 13]","[(6, 1), (0, 0), (2, 1), (6, 1)]",3,2,5
13-27,"[13, 0, 27, 13]","[(6, 1), (0, 0), (9, 3), (6, 1)]",3,2,5
13-34,"[13, 0, 34, 13]","[(6, 1), (0, 0), (5, 2), (6, 1)]",3,2,5
13-39,"[13, 0, 39, 13]","[(6, 1), (0, 0), (5, 3), (6, 1)]",3,2,5
14-21,"[14, 0, 21, 14]","[(7, 2), (0, 0), (4, 1), (7, 2)]",3,2,5
14-26,"[14, 0, 26, 14]","[(7, 2), (0, 0), (2, 2), (7, 2)]",3,2,5
14-31,"[14, 0, 31, 14]","[(7, 2), (0, 0), (6, 3), (7, 2)]",3,2,5
14-33,"[14, 0, 33, 14]","[(7, 2), (0, 0), (5, 1), (7, 2)]",3,2,5
14-35,"[14, 0, 35, 14]","[(7, 2), (0, 0), (8, 3), (7, 2)]",3,2,5
14-39,"[14, 0, 39, 14]","[(7, 2), (0, 0), (5, 3), (7, 2)]",3,2,5
15-17,"[15, 0, 17, 15]","[(7, 3), (0, 0), (8, 1), (7, 3)]",3,2,5
15-21,"[15, 0, 21, 15]","[(7, 3), (0, 0), (4, 1), (7, 3)]",3,2,5
15-25,"[15, 0, 25, 15]","[(7, 3), (0, 0), (2, 1), (7, 3)]",3,2,5
15-27,"[15, 0, 27, 15]","[(7, 3), (0, 0), (9, 3), (7, 3)]",3,2,5
15-30,"[15, 0, 30, 15]","[(7, 3), (0, 0), (8, 2), (7, 3)]",3,2,5
15-34,"[15, 0, 34, 15]","[(7, 3), (0, 0), (5, 2), (7, 3)]",3,2,5
15-38,"[15, 0, 38, 15]","[(7, 3), (0, 0), (6, 2), (7, 3)]",3,2,5
16-24,"[16, 5, 24, 16]","[(6, 0), (1, 1), (9, 0), (6, 0)]",3,2,5
17-19,"[17, 0, 19, 17]","[(8, 1), (0, 0), (3, 3), (8, 1)]",3,2,5
17-21,"[17, 0, 21, 17]","[(8, 1), (0, 0), (4, 1), (8, 1)]",3,2,5
17-26,"[17, 0, 26, 17]","[(8, 1), (0, 0), (2, 2), (8, 1)]",3,2,5
17-29,"[17, 0, 29, 17]","[(8, 1), (0, 0), (9, 1), (8, 1)]",3,2,5
17-31,"[17, 0, 31, 17]","[(8, 1), (0, 0), (6, 3), (8, 1)]",3,2,5
17-38,"[17, 0, 38, 17]","[(8, 1), (0, 0), (6, 2), (8, 1)]",3,2,5
18-22,"[18, 0, 22, 18]","[(9, 2), (0, 0), (3, 2), (9, 2)]",3,2,5
18-25,"[18, 0, 25, 18]","[(9, 2), (0, 0), (2, 1), (9, 2)]",3,2,5
18-30,"[18, 0, 30, 18]","[(9, 2), (0, 0), (8, 2), (9, 2)]",3,2,5
18-37,"[18, 0, 37, 18]","[(9, 2), (0, 0), (7, 1), (9, 2)]",3,2,5
19-23,"[19, 0, 23, 19]","[(3, 3), (0, 0), (2, 3), (3, 3)]",3,2,5
19-29,"[19, 0, 29, 19]","[(3, 3), (0, 0), (9, 1), (3, 3)]",3,2,5
19-31,"[19, 0, 31, 19]","[(3, 3), (0, 0), (6, 3), (3, 3)]",3,2,5
19-33,"[19, 0, 33, 19]","[(3, 3), (0, 0), (5, 1), (3, 3)]",3,2,5
19-37,"[19, 0, 37, 19]","[(3, 3), (0, 0), (7, 1), (3, 3)]",3,2,5
20-36,"[20, 6, 36, 20]","[(4, 0), (1, 2), (7, 0), (4, 0)]",3,2,5
21-25,"[21, 0, 25, 21]","[(4, 1), (0, 0), (2, 1), (4, 1)]",3,2,5
21-30,"[21, 0, 30, 21]","[(4, 1), (0, 0), (8, 2), (4, 1)]",3,2,5
21-31,"[21, 0, 31, 21]","[(4, 1), (0, 0), (6, 3), (4, 1)]",3,2,5
21-33,"[21, 0, 33, 21]","[(4, 1), (0, 0), (5, 1), (4, 1)]",3,2,5
22-26,"[22, 0, 26, 22]","[(3, 2), (0, 0), (2, 2), (3, 2)]",3,2,5
22-29,"[22, 0, 29, 22]","[(3, 2), (0, 0), (9, 1), (3, 2)]",3,2,5
22-34,"[22, 0, 34, 22]","[(3, 2), (0, 0), (5, 2), (3, 2)]",3,2,5
23-27,"[23, 0, 27, 23]","[(2, 3), (0, 0), (9, 3), (2, 3)]",3,2,5
23-35,"[23, 0, 35, 23]","[(2, 3), (0, 0), (8, 3), (2, 3)]",3,2,5
25-31,"[25, 0, 31, 25]","[(2, 1), (0, 0), (6, 3), (2, 1)]",3,2,5
25-34,"[25, 0, 34, 25]","[(2, 1), (0, 0), (5, 2), (2, 1)]",3,2,5
25-37,"[25, 0, 37, 25]","[(2, 1), (0, 0), (7, 1), (2, 1)]",3,2,5
26-33,"[26, 0, 33, 26]","[(2, 2), (0, 0), (5, 1), (2, 2)]",3,2,5
26-38,"[26, 0, 38, 26]","[(2, 2), (0, 0), (6, 2), (2, 2)]",3,2,5
27-39,"[27, 0, 39, 27]","[(9, 3), (0, 0), (5, 3), (9, 3)]",3,2,5
29-33,"[29, 0, 33, 29]","[(9, 1), (0, 0), (5, 1), (9, 1)]",3,2,5
29-35,"[29, 0, 35, 29]","[(9, 1), (0, 0), (8, 3), (9, 1)]",3,2,5
29-38,"[29, 0, 38, 29]","[(9, 1), (0, 0), (6, 2), (9, 1)]",3,2,5
30-34,"[30, 0, 34, 30]","[(8, 2), (0, 0), (5, 2), (8, 2)]",3,2,5
30-37,"[30, 0, 37, 30]","[(8, 2), (0, 0), (7, 1), (8, 2)]",3,2,5
31-33,"[31, 0, 33, 31]","[(6, 3), (0, 0), (5, 1), (6, 3)]",3,2,5
31-35,"[31, 0, 35, 31]","[(6, 3), (0, 0), (8, 3), (6, 3)]",3,2,5
31-37,"[31, 0, 37, 31]","[(6, 3), (0, 0), (7, 1), (6, 3)]",3,2,5
33-35,"[33, 0, 35, 33]","[(5, 1), (0, 0), (8, 3), (5, 1)]",3,2,5
33-37,"[33, 0, 37, 33]","[(5, 1), (0, 0), (7, 1), (5, 1)]",3,2,5
34-38,"[34, 0, 38, 34]","[(5, 2), (0, 0), (6, 2), (5, 2)]",3,2,5
35-39,"[35, 0, 39, 35]","[(8, 3), (0, 0), (5, 3), (8, 3)]",3,2,5
1-7,"[1, 6, 0, 7, 1]","[(0, 1), (1, 2), (0, 0), (1, 3), (0, 1)]",4,0,3
1-10,"[1, 6, 0, 10, 1]","[(0, 1), (1, 2), (0, 0), (4, 2), (0, 1)]",4,0,3
1-11,"[1, 6, 0, 11, 1]","[(0, 1), (1, 2), (0, 0), (4, 3), (0, 1)]",4,0,3
1-14,"[1, 6, 0, 14, 1]","[(0, 1), (1, 2), (0, 0), (7, 2), (0, 1)]",4,0,3
1-15,"[1, 6, 0, 15, 1]","[(0, 1), (1, 2), (0, 0), (7, 3), (0, 1)]",4,0,3
2-7,"[2, 5, 0, 7, 2]","[(0, 2), (1, 1), (0, 0), (1, 3), (0, 2)]",4,0,3
2-9,"[2, 5, 0, 9, 2]","[(0, 2), (1, 1), (0, 0), (3, 1), (0, 2)]",4,0,3
2-13,"[2, 5, 0, 13, 2]","[(0, 2), (1, 1), (0, 0), (6, 1), (0, 2)]",4,0,3
2-19,"[2, 5, 0, 19, 2]","[(0, 2), (1, 1), (0, 0), (3, 3), (0, 2)]",4,0,3
2-31,"[2, 5, 0, 31, 2]","[(0, 2), (1, 1), (0, 0), (6, 3), (0, 2)]",4,0,3
3-6,"[3, 5, 0, 6, 3]","[(0, 3), (1, 1), (0, 0), (1, 2), (0, 3)]",4,0,3
3-17,"[3, 5, 0, 17, 3]","[(0, 3), (1, 1), (0, 0), (8, 1), (0, 3)]",4,0,3
3-18,"[3, 5, 0, 18, 3]","[(0, 3), (1, 1), (0, 0), (9, 2), (0, 3)]",4,0,3
3-29,"[3, 5, 0, 29, 3]","[(0, 3), (1, 1), (0, 0), (9, 1), (0, 3)]",4,0,3
3-30,"[3, 5, 0, 30, 3]","[(0, 3), (1, 1), (0, 0), (8, 2), (0, 3)]",4,0,3
4-10,"[4, 9, 0, 10, 4]","[(1, 0), (3, 1), (0, 0), (4, 2), (1, 0)]",4,0,3
4-11,"[4, 9, 0, 11, 4]","[(1, 0), (3, 1), (0, 0), (4, 3), (1, 0)]",4,0,3
4-17,"[4, 9, 0, 17, 4]","[(1, 0), (3, 1), (0, 0), (8, 1), (1, 0)]",4,0,3
4-18,"[4, 9, 0, 18, 4]","[(1, 0), (3, 1), (0, 0), (9, 2), (1, 0)]",4,0,3
4-19,"[4, 9, 0, 19, 4]","[(1, 0), (3, 1), (0, 0), (3, 3), (1, 0)]",4,0,3
6-8,"[6, 0, 5, 8, 6]","[(1, 2), (0, 0), (1, 1), (2, 0), (1, 2)]",4,0,3
6-12,"[6, 0, 5, 12, 6]","[(1, 2), (0, 0), (1, 1), (5, 0), (1, 2)]",4,0,3
7-16,"[7, 0, 5, 16, 7]","[(1, 3), (0, 0), (1, 1), (6, 0), (1, 3)]",4,0,3
7-20,"[7, 0, 6, 20, 7]","[(1, 3), (0, 0), (1, 2), (4, 0), (1, 3)]",4,0,3
7-28,"[7, 0, 5, 28, 7]","[(1, 3), (0, 0), (1, 1), (3, 0), (1, 3)]",4,0,3
7-36,"[7, 0, 6, 36, 7]","[(1, 3), (0, 0), (1, 2), (7, 0), (1, 3)]",4,0,3
8-15,"[8, 5, 0, 15, 8]","[(2, 0), (1, 1), (0, 0), (7, 3), (2, 0)]",4,0,3
8-31,"[8, 5, 0, 31, 8]","[(2, 0), (1, 1), (0, 0), (6, 3), (2, 0)]",4,0,3
8-33,"[8, 5, 0, 33, 8]","[(2, 0), (1, 1), (0, 0), (5, 1), (2, 0)]",4,0,3
8-34,"[8, 5, 0, 34, 8]","[(2, 0), (1, 1), (0, 0), (5, 2), (2, 0)]",4,0,3
9-20,"[9, 0, 6, 20, 9]","[(3, 1), (0, 0), (1, 2), (4, 0), (3, 1)]",4,0,3
10-28,"[10, 0, 5, 28, 10]","[(4, 2), (0, 0), (1, 1), (3, 0), (4, 2)]",4,0,3
11-12,"[11, 0, 5, 12, 11]","[(4, 3), (0, 0), (1, 1), (5, 0), (4, 3)]",4,0,3
12-19,"[12, 5, 0, 19, 12]","[(5, 0), (1, 1), (0, 0), (3, 3), (5, 0)]",4,0,3
12-25,"[12, 5, 0, 25, 12]","[(5, 0), (1, 1), (0, 0), (2, 1), (5, 0)]",4,0,3
12-26,"[12, 5, 0, 26, 12]","[(5, 0), (1, 1), (0, 0), (2, 2), (5, 0)]",4,0,3
13-36,"[13, 0, 6, 36, 13]","[(6, 1), (0, 0), (1, 2), (7, 0), (6, 1)]",4,0,3
14-16,"[14, 0, 5, 16, 14]","[(7, 2), (0, 0), (1, 1), (6, 0), (7, 2)]",4,0,3
16-25,"[16, 5, 0, 25, 16]","[(6, 0), (1, 1), (0, 0), (2, 1), (6, 0)]",4,0,3
16-30,"[16, 5, 0, 30, 16]","[(6, 0), (1, 1), (0, 0), (8, 2), (6, 0)]",4,0,3
16-35,"[16, 5, 0, 35, 16]","[(6, 0), (1, 1), (0, 0), (8, 3), (6, 0)]",4,0,3
17-20,"[17, 0, 6, 20, 17]","[(8, 1), (0, 0), (1, 2), (4, 0), (8, 1)]",4,0,3
18-28,"[18, 0, 5, 28, 18]","[(9, 2), (0, 0), (1, 1), (3, 0), (9, 2)]",4,0,3
18-32,"[18, 0, 5, 32, 18]","[(9, 2), (0, 0), (1, 1), (8, 0), (9, 2)]",4,0,3
19-24,"[19, 0, 5, 24, 19]","[(3, 3), (0, 0), (1, 1), (9, 0), (3, 3)]",4,0,3
20-34,"[20, 6, 0, 34, 20]","[(4, 0), (1, 2), (0, 0), (5, 2), (4, 0)]",4,0,3
20-35,"[20, 6, 0, 35, 20]","[(4, 0), (1, 2), (0, 0), (8, 3), (4, 0)]",4,0,3
22-24,"[22, 0, 5, 24, 22]","[(3, 2), (0, 0), (1, 1), (9, 0), (3, 2)]",4,0,3
23-32,"[23, 0, 5, 32, 23]","[(2, 3), (0, 0), (1, 1), (8, 0), (2, 3)]",4,0,3
24-30,"[24, 5, 0, 30, 24]","[(9, 0), (1, 1), (0, 0), (8, 2), (9, 0)]",4,0,3
24-33,"[24, 5, 0, 33, 24]","[(9, 0), (1, 1), (0, 0), (5, 1), (9, 0)]",4,0,3
24-39,"[24, 5, 0, 39, 24]","[(9, 0), (1, 1), (0, 0), (5, 3), (9, 0)]",4,0,3
25-32,"[25, 0, 5, 32, 25]","[(2, 1), (0, 0), (1, 1), (8, 0), (2, 1)]",4,0,3
26-36,"[26, 0, 6, 36, 26]","[(2, 2), (0, 0), (1, 2), (7, 0), (2, 2)]",4,0,3
27-28,"[27, 0, 5, 28, 27]","[(9, 3), (0, 0), (1, 1), (3, 0), (9, 3)]",4,0,3
27-36,"[27, 0, 6, 36, 27]","[(9, 3), (0, 0), (1, 2), (7, 0), (9, 3)]",4,0,3
28-33,"[28, 5, 0, 33, 28]","[(3, 0), (1, 1), (0, 0), (5, 1), (3, 0)]",4,0,3
29-36,"[29, 0, 6, 36, 29]","[(9, 1), (0, 0), (1, 2), (7, 0), (9, 1)]",4,0,3
31-32,"[31, 0, 5, 32, 31]","[(6, 3), (0, 0), (1, 1), (8, 0), (6, 3)]",4,0,3
32-38,"[32, 5, 0, 38, 32]","[(8, 0), (1, 1), (0, 0), (6, 2), (8, 0)]",4,0,3
1-30,"[1, 6, 0, 30, 1]","[(0, 1), (1, 2), (0, 0), (8, 2), (0, 1)]",4,1,1
1-31,"[1, 6, 0, 31, 1]","[(0, 1), (1, 2), (0, 0), (6, 3), (0, 1)]",4,1,1
1-34,"[1, 6, 0, 34, 1]","[(0, 1), (1, 2), (0, 0), (5, 2), (0, 1)]",4,1,1
1-35,"[1, 6, 0, 35, 1]","[(0, 1), (1, 2), (0, 0), (8, 3), (0, 1)]",4,1,1
1-38,"[1, 6, 0, 38, 1]","[(0, 1), (1, 2), (0, 0), (6, 2), (0, 1)]",4,1,1
1-39,"[1, 6, 0, 39, 1]","[(0, 1), (1, 2), (0, 0), (5, 3), (0, 1)]",4,1,1
2-15,"[2, 5, 0, 15, 2]","[(0, 2), (1, 1), (0, 0), (7, 3), (0, 2)]",4,1,1
2-27,"[2, 5, 0, 27, 2]","[(0, 2), (1, 1), (0, 0), (9, 3), (0, 2)]",4,1,1
2-29,"[2, 5, 0, 29, 2]","[(0, 2), (1, 1), (0, 0), (9, 1), (0, 2)]",4,1,1
2-33,"[2, 5, 0, 33, 2]","[(0, 2), (1, 1), (0, 0), (5, 1), (0, 2)]",4,1,1
2-37,"[2, 5, 0, 37, 2]","[(0, 2), (1, 1), (0, 0), (7, 1), (0, 2)]",4,1,1
2-39,"[2, 5, 0, 39, 2]","[(0, 2), (1, 1), (0, 0), (5, 3), (0, 2)]",4,1,1
3-13,"[3, 5, 0, 13, 3]","[(0, 3), (1, 1), (0, 0), (6, 1), (0, 3)]",4,1,1
3-14,"[3, 5, 0, 14, 3]","[(0, 3), (1, 1), (0, 0), (7, 2), (0, 3)]",4,1,1
3-25,"[3, 5, 0, 25, 3]","[(0, 3), (1, 1), (0, 0), (2, 1), (0, 3)]",4,1,1
3-26,"[3, 5, 0, 26, 3]","[(0, 3), (1, 1), (0, 0), (2, 2), (0, 3)]",4,1,1
3-37,"[3, 5, 0, 37, 3]","[(0, 3), (1, 1), (0, 0), (7, 1), (0, 3)]",4,1,1
3-38,"[3, 5, 0, 38, 3]","[(0, 3), (1, 1), (0, 0), (6, 2), (0, 3)]",4,1,1
4-13,"[4, 9, 0, 13, 4]","[(1, 0), (3, 1), (0, 0), (6, 1), (1, 0)]",4,1,1
4-14,"[4, 9, 0, 14, 4]","[(1, 0), (3, 1), (0, 0), (7, 2), (1, 0)]",4,1,1
4-15,"[4, 9, 0, 15, 4]","[(1, 0), (3, 1), (0, 0), (7, 3), (1, 0)]",4,1,1
4-29,"[4, 9, 0, 29, 4]","[(1, 0), (3, 1), (0, 0), (9, 1), (1, 0)]",4,1,1
4-30,"[4, 9, 0, 30, 4]","[(1, 0), (3, 1), (0, 0), (8, 2), (1, 0)]",4,1,1
4-31,"[4, 9, 0, 31, 4]","[(1, 0), (3, 1), (0, 0), (6, 3), (1, 0)]",4,1,1
6-32,"[6, 0, 5, 32, 6]","[(1, 2), (0, 0), (1, 1), (8, 0), (1, 2)]",4,1,1
7-24,"[7, 0, 5, 24, 7]","[(1, 3), (0, 0), (1, 1), (9, 0), (1, 3)]",4,1,1
8-17,"[8, 5, 0, 17, 8]","[(2, 0), (1, 1), (0, 0), (8, 1), (2, 0)]",4,1,1
8-18,"[8, 5, 0, 18, 8]","[(2, 0), (1, 1), (0, 0), (9, 2), (2, 0)]",4,1,1
8-27,"[8, 5, 0, 27, 8]","[(2, 0), (1, 1), (0, 0), (9, 3), (2, 0)]",4,1,1
8-35,"[8, 5, 0, 35, 8]","[(2, 0), (1, 1), (0, 0), (8, 3), (2, 0)]",4,1,1
8-37,"[8, 5, 0, 37, 8]","[(2, 0), (1, 1), (0, 0), (7, 1), (2, 0)]",4,1,1
8-38,"[8, 5, 0, 38, 8]","[(2, 0), (1, 1), (0, 0), (6, 2), (2, 0)]",4,1,1
9-36,"[9, 0, 6, 36, 9]","[(3, 1), (0, 0), (1, 2), (7, 0), (3, 1)]",4,1,1
10-16,"[10, 0, 5, 16, 10]","[(4, 2), (0, 0), (1, 1), (6, 0), (4, 2)]",4,1,1
10-24,"[10, 0, 5, 24, 10]","[(4, 2), (0, 0), (1, 1), (9, 0), (4, 2)]",4,1,1
11-32,"[11, 0, 5, 32, 11]","[(4, 3), (0, 0), (1, 1), (8, 0), (4, 3)]",4,1,1
12-15,"[12, 5, 0, 15, 12]","[(5, 0), (1, 1), (0, 0), (7, 3), (5, 0)]",4,1,1
12-31,"[12, 5, 0, 31, 12]","[(5, 0), (1, 1), (0, 0), (6, 3), (5, 0)]",4,1,1
12-37,"[12, 5, 0, 37, 12]","[(5, 0), (1, 1), (0, 0), (7, 1), (5, 0)]",4,1,1
12-38,"[12, 5, 0, 38, 12]","[(5, 0), (1, 1), (0, 0), (6, 2), (5, 0)]",4,1,1
13-24,"[13, 0, 5, 24, 13]","[(6, 1), (0, 0), (1, 1), (9, 0), (6, 1)]",4,1,1
13-28,"[13, 0, 5, 28, 13]","[(6, 1), (0, 0), (1, 1), (3, 0), (6, 1)]",4,1,1
14-20,"[14, 0, 6, 20, 14]","[(7, 2), (0, 0), (1, 2), (4, 0), (7, 2)]",4,1,1
15-16,"[15, 0, 5, 16, 15]","[(7, 3), (0, 0), (1, 1), (6, 0), (7, 3)]",4,1,1
15-20,"[15, 0, 6, 20, 15]","[(7, 3), (0, 0), (1, 2), (4, 0), (7, 3)]",4,1,1
16-19,"[16, 5, 0, 19, 16]","[(6, 0), (1, 1), (0, 0), (3, 3), (6, 0)]",4,1,1
16-26,"[16, 5, 0, 26, 16]","[(6, 0), (1, 1), (0, 0), (2, 2), (6, 0)]",4,1,1
16-34,"[16, 5, 0, 34, 16]","[(6, 0), (1, 1), (0, 0), (5, 2), (6, 0)]",4,1,1
16-37,"[16, 5, 0, 37, 16]","[(6, 0), (1, 1), (0, 0), (7, 1), (6, 0)]",4,1,1
16-39,"[16, 5, 0, 39, 16]","[(6, 0), (1, 1), (0, 0), (5, 3), (6, 0)]",4,1,1
17-36,"[17, 0, 6, 36, 17]","[(8, 1), (0, 0), (1, 2), (7, 0), (8, 1)]",4,1,1
20-29,"[20, 6, 0, 29, 20]","[(4, 0), (1, 2), (0, 0), (9, 1), (4, 0)]",4,1,1
20-38,"[20, 6, 0, 38, 20]","[(4, 0), (1, 2), (0, 0), (6, 2), (4, 0)]",4,1,1
20-39,"[20, 6, 0, 39, 20]","[(4, 0), (1, 2), (0, 0), (5, 3), (4, 0)]",4,1,1
21-24,"[21, 0, 5, 24, 21]","[(4, 1), (0, 0), (1, 1), (9, 0), (4, 1)]",4,1,1
21-28,"[21, 0, 5, 28, 21]","[(4, 1), (0, 0), (1, 1), (3, 0), (4, 1)]",4,1,1
21-32,"[21, 0, 5, 32, 21]","[(4, 1), (0, 0), (1, 1), (8, 0), (4, 1)]",4,1,1
22-36,"[22, 0, 6, 36, 22]","[(3, 2), (0, 0), (1, 2), (7, 0), (3, 2)]",4,1,1
23-28,"[23, 0, 5, 28, 23]","[(2, 3), (0, 0), (1, 1), (3, 0), (2, 3)]",4,1,1
23-36,"[23, 0, 6, 36, 23]","[(2, 3), (0, 0), (1, 2), (7, 0), (2, 3)]",4,1,1
24-26,"[24, 5, 0, 26, 24]","[(9, 0), (1, 1), (0, 0), (2, 2), (9, 0)]",4,1,1
24-37,"[24, 5, 0, 37, 24]","[(9, 0), (1, 1), (0, 0), (7, 1), (9, 0)]",4,1,1
26-28,"[26, 0, 5, 28, 26]","[(2, 2), (0, 0), (1, 1), (3, 0), (2, 2)]",4,1,1
28-30,"[28, 5, 0, 30, 28]","[(3, 0), (1, 1), (0, 0), (8, 2), (3, 0)]",4,1,1
28-37,"[28, 5, 0, 37, 28]","[(3, 0), (1, 1), (0, 0), (7, 1), (3, 0)]",4,1,1
28-39,"[28, 5, 0, 39, 28]","[(3, 0), (1, 1), (0, 0), (5, 3), (3, 0)]",4,1,1
29-32,"[29, 0, 5, 32, 29]","[(9, 1), (0, 0), (1, 1), (8, 0), (9, 1)]",4,1,1
30-36,"[30, 0, 6, 36, 30]","[(8, 2), (0, 0), (1, 2), (7, 0), (8, 2)]",4,1,1
31-36,"[31, 0, 6, 36, 31]","[(6, 3), (0, 0), (1, 2), (7, 0), (6, 3)]",4,1,1
32-37,"[32, 5, 0, 37, 32]","[(8, 0), (1, 1), (0, 0), (7, 1), (8, 0)]",4,1,1
36-38,"[36, 6, 0, 38, 36]","[(7, 0), (1, 2), (0, 0), (6, 2), (7, 0)]",4,1,1
36-39,"[36, 6, 0, 39, 36]","[(7, 0), (1, 2), (0, 0), (5, 3), (7, 0)]",4,1,1
1-18,"[1, 6, 0, 18, 1]","[(0, 1), (1, 2), (0, 0), (9, 2), (0, 1)]",4,2,5
1-19,"[1, 6, 0, 19, 1]","[(0, 1), (1, 2), (0, 0), (3, 3), (0, 1)]",4,2,5
1-22,"[1, 6, 0, 22, 1]","[(0, 1), (1, 2), (0, 0), (3, 2), (0, 1)]",4,2,5
1-23,"[1, 6, 0, 23, 1]","[(0, 1), (1, 2), (0, 0), (2, 3), (0, 1)]",4,2,5
1-26,"[1, 6, 0, 26, 1]","[(0, 1), (1, 2), (0, 0), (2, 2), (0, 1)]",4,2,5
1-27,"[1, 6, 0, 27, 1]","[(0, 1), (1, 2), (0, 0), (9, 3), (0, 1)]",4,2,5
2-11,"[2, 5, 0, 11, 2]","[(0, 2), (1, 1), (0, 0), (4, 3), (0, 2)]",4,2,5
2-17,"[2, 5, 0, 17, 2]","[(0, 2), (1, 1), (0, 0), (8, 1), (0, 2)]",4,2,5
2-21,"[2, 5, 0, 21, 2]","[(0, 2), (1, 1), (0, 0), (4, 1), (0, 2)]",4,2,5
2-23,"[2, 5, 0, 23, 2]","[(0, 2), (1, 1), (0, 0), (2, 3), (0, 2)]",4,2,5
2-25,"[2, 5, 0, 25, 2]","[(0, 2), (1, 1), (0, 0), (2, 1), (0, 2)]",4,2,5
2-35,"[2, 5, 0, 35, 2]","[(0, 2), (1, 1), (0, 0), (8, 3), (0, 2)]",4,2,5
3-9,"[3, 5, 0, 9, 3]","[(0, 3), (1, 1), (0, 0), (3, 1), (0, 3)]",4,2,5
3-10,"[3, 5, 0, 10, 3]","[(0, 3), (1, 1), (0, 0), (4, 2), (0, 3)]",4,2,5
3-21,"[3, 5, 0, 21, 3]","[(0, 3), (1, 1), (0, 0), (4, 1), (0, 3)]",4,2,5
3-22,"[3, 5, 0, 22, 3]","[(0, 3), (1, 1), (0, 0), (3, 2), (0, 3)]",4,2,5
3-33,"[3, 5, 0, 33, 3]","[(0, 3), (1, 1), (0, 0), (5, 1), (0, 3)]",4,2,5
3-34,"[3, 5, 0, 34, 3]","[(0, 3), (1, 1), (0, 0), (5, 2), (0, 3)]",4,2,5
4-25,"[4, 9, 0, 25, 4]","[(1, 0), (3, 1), (0, 0), (2, 1), (1, 0)]",4,2,5
4-26,"[4, 9, 0, 26, 4]","[(1, 0), (3, 1), (0, 0), (2, 2), (1, 0)]",4,2,5
4-27,"[4, 9, 0, 27, 4]","[(1, 0), (3, 1), (0, 0), (9, 3), (1, 0)]",4,2,5
4-33,"[4, 9, 0, 33, 4]","[(1, 0), (3, 1), (0, 0), (5, 1), (1, 0)]",4,2,5
4-34,"[4, 9, 0, 34, 4]","[(1, 0), (3, 1), (0, 0), (5, 2), (1, 0)]",4,2,5
4-35,"[4, 9, 0, 35, 4]","[(1, 0), (3, 1), (0, 0), (8, 3), (1, 0)]",4,2,5
6-24,"[6, 0, 5, 24, 6]","[(1, 2), (0, 0), (1, 1), (9, 0), (1, 2)]",4,2,5
7-32,"[7, 0, 5, 32, 7]","[(1, 3), (0, 0), (1, 1), (8, 0), (1, 3)]",4,2,5
8-11,"[8, 5, 0, 11, 8]","[(2, 0), (1, 1), (0, 0), (4, 3), (2, 0)]",4,2,5
8-13,"[8, 5, 0, 13, 8]","[(2, 0), (1, 1), (0, 0), (6, 1), (2, 0)]",4,2,5
8-14,"[8, 5, 0, 14, 8]","[(2, 0), (1, 1), (0, 0), (7, 2), (2, 0)]",4,2,5
8-19,"[8, 5, 0, 19, 8]","[(2, 0), (1, 1), (0, 0), (3, 3), (2, 0)]",4,2,5
8-21,"[8, 5, 0, 21, 8]","[(2, 0), (1, 1), (0, 0), (4, 1), (2, 0)]",4,2,5
8-22,"[8, 5, 0, 22, 8]","[(2, 0), (1, 1), (0, 0), (3, 2), (2, 0)]",4,2,5
9-12,"[9, 0, 5, 12, 9]","[(3, 1), (0, 0), (1, 1), (5, 0), (3, 1)]",4,2,5
9-16,"[9, 0, 5, 16, 9]","[(3, 1), (0, 0), (1, 1), (6, 0), (3, 1)]",4,2,5
9-32,"[9, 0, 5, 32, 9]","[(3, 1), (0, 0), (1, 1), (8, 0), (3, 1)]",4,2,5
10-12,"[10, 0, 5, 12, 10]","[(4, 2), (0, 0), (1, 1), (5, 0), (4, 2)]",4,2,5
10-36,"[10, 0, 6, 36, 10]","[(4, 2), (0, 0), (1, 2), (7, 0), (4, 2)]",4,2,5
11-28,"[11, 0, 5, 28, 11]","[(4, 3), (0, 0), (1, 1), (3, 0), (4, 3)]",4,2,5
11-36,"[11, 0, 6, 36, 11]","[(4, 3), (0, 0), (1, 2), (7, 0), (4, 3)]",4,2,5
12-21,"[12, 5, 0, 21, 12]","[(5, 0), (1, 1), (0, 0), (4, 1), (5, 0)]",4,2,5
12-22,"[12, 5, 0, 22, 12]","[(5, 0), (1, 1), (0, 0), (3, 2), (5, 0)]",4,2,5
12-27,"[12, 5, 0, 27, 12]","[(5, 0), (1, 1), (0, 0), (9, 3), (5, 0)]",4,2,5
12-29,"[12, 5, 0, 29, 12]","[(5, 0), (1, 1), (0, 0), (9, 1), (5, 0)]",4,2,5
12-30,"[12, 5, 0, 30, 12]","[(5, 0), (1, 1), (0, 0), (8, 2), (5, 0)]",4,2,5
12-35,"[12, 5, 0, 35, 12]","[(5, 0), (1, 1), (0, 0), (8, 3), (5, 0)]",4,2,5
13-20,"[13, 0, 6, 20, 13]","[(6, 1), (0, 0), (1, 2), (4, 0), (6, 1)]",4,2,5
14-28,"[14, 0, 5, 28, 14]","[(7, 2), (0, 0), (1, 1), (3, 0), (7, 2)]",4,2,5
14-32,"[14, 0, 5, 32, 14]","[(7, 2), (0, 0), (1, 1), (8, 0), (7, 2)]",4,2,5
15-24,"[15, 0, 5, 24, 15]","[(7, 3), (0, 0), (1, 1), (9, 0), (7, 3)]",4,2,5
16-18,"[16, 5, 0, 18, 16]","[(6, 0), (1, 1), (0, 0), (9, 2), (6, 0)]",4,2,5
16-21,"[16, 5, 0, 21, 16]","[(6, 0), (1, 1), (0, 0), (4, 1), (6, 0)]",4,2,5
16-23,"[16, 5, 0, 23, 16]","[(6, 0), (1, 1), (0, 0), (2, 3), (6, 0)]",4,2,5
16-29,"[16, 5, 0, 29, 16]","[(6, 0), (1, 1), (0, 0), (9, 1), (6, 0)]",4,2,5
17-24,"[17, 0, 5, 24, 17]","[(8, 1), (0, 0), (1, 1), (9, 0), (8, 1)]",4,2,5
17-28,"[17, 0, 5, 28, 17]","[(8, 1), (0, 0), (1, 1), (3, 0), (8, 1)]",4,2,5
18-20,"[18, 0, 6, 20, 18]","[(9, 2), (0, 0), (1, 2), (4, 0), (9, 2)]",4,2,5
19-20,"[19, 0, 6, 20, 19]","[(3, 3), (0, 0), (1, 2), (4, 0), (3, 3)]",4,2,5
20-22,"[20, 6, 0, 22, 20]","[(4, 0), (1, 2), (0, 0), (3, 2), (4, 0)]",4,2,5
20-23,"[20, 6, 0, 23, 20]","[(4, 0), (1, 2), (0, 0), (2, 3), (4, 0)]",4,2,5
20-25,"[20, 6, 0, 25, 20]","[(4, 0), (1, 2), (0, 0), (2, 1), (4, 0)]",4,2,5
20-33,"[20, 6, 0, 33, 20]","[(4, 0), (1, 2), (0, 0), (5, 1), (4, 0)]",4,2,5
22-32,"[22, 0, 5, 32, 22]","[(3, 2), (0, 0), (1, 1), (8, 0), (3, 2)]",4,2,5
23-24,"[23, 0, 5, 24, 23]","[(2, 3), (0, 0), (1, 1), (9, 0), (2, 3)]",4,2,5
24-35,"[24, 5, 0, 35, 24]","[(9, 0), (1, 1), (0, 0), (8, 3), (9, 0)]",4,2,5
24-38,"[24, 5, 0, 38, 24]","[(9, 0), (1, 1), (0, 0), (6, 2), (9, 0)]",4,2,5
25-36,"[25, 0, 6, 36, 25]","[(2, 1), (0, 0), (1, 2), (7, 0), (2, 1)]",4,2,5
27-32,"[27, 0, 5, 32, 27]","[(9, 3), (0, 0), (1, 1), (8, 0), (9, 3)]",4,2,5
28-31,"[28, 5, 0, 31, 28]","[(3, 0), (1, 1), (0, 0), (6, 3), (3, 0)]",4,2,5
28-34,"[28, 5, 0, 34, 28]","[(3, 0), (1, 1), (0, 0), (5, 2), (3, 0)]",4,2,5
32-34,"[32, 5, 0, 34, 32]","[(8, 0), (1, 1), (0, 0), (5, 2), (8, 0)]",4,2,5
32-39,"[32, 5, 0, 39, 32]","[(8, 0), (1, 1), (0, 0), (5, 3), (8, 0)]",4,2,5
33-36,"[33, 0, 6, 36, 33]","[(5, 1), (0, 0), (1, 2), (7, 0), (5, 1)]",4,2,5
1-24,"[1, 6, 0, 5, 24, 1]","[(0, 1), (1, 2), (0, 0), (1, 1), (9, 0), (0, 1)]",5,0,3
1-32,"[1, 6, 0, 5, 32, 1]","[(0, 1), (1, 2), (0, 0), (1, 1), (8, 0), (0, 1)]",5,0,3
4-8,"[4, 9, 0, 5, 8, 4]","[(1, 0), (3, 1), (0, 0), (1, 1), (2, 0), (1, 0)]",5,0,3
4-16,"[4, 9, 0, 5, 16, 4]","[(1, 0), (3, 1), (0, 0), (1, 1), (6, 0), (1, 0)]",5,0,3
4-36,"[4, 9, 0, 6, 36, 4]","[(1, 0), (3, 1), (0, 0), (1, 2), (7, 0), (1, 0)]",5,0,3
20-24,"[20, 6, 0, 5, 24, 20]","[(4, 0), (1, 2), (0, 0), (1, 1), (9, 0), (4, 0)]",5,0,3
20-32,"[20, 6, 0, 5, 32, 20]","[(4, 0), (1, 2), (0, 0), (1, 1), (8, 0), (4, 0)]",5,0,3
24-36,"[24, 5, 0, 6, 36, 24]","[(9, 0), (1, 1), (0, 0), (1, 2), (7, 0), (9, 0)]",5,0,3
32-36,"[32, 5, 0, 6, 36, 32]","[(8, 0), (1, 1), (0, 0), (1, 2), (7, 0), (8, 0)]",5,0,3
1-4,"[1, 6, 0, 9, 4, 1]","[(0, 1), (1, 2), (0, 0), (3, 1), (1, 0), (0, 1)]",5,1,1
1-12,"[1, 6, 0, 5, 12, 1]","[(0, 1), (1, 2), (0, 0), (1, 1), (5, 0), (0, 1)]",5,1,1
1-28,"[1, 6, 0, 5, 28, 1]","[(0, 1), (1, 2), (0, 0), (1, 1), (3, 0), (0, 1)]",5,1,1
2-4,"[2, 5, 0, 9, 4, 2]","[(0, 2), (1, 1), (0, 0), (3, 1), (1, 0), (0, 2)]",5,1,1
2-20,"[2, 5, 0, 6, 20, 2]","[(0, 2), (1, 1), (0, 0), (1, 2), (4, 0), (0, 2)]",5,1,1
3-4,"[3, 5, 0, 9, 4, 3]","[(0, 3), (1, 1), (0, 0), (3, 1), (1, 0), (0, 3)]",5,1,1
3-20,"[3, 5, 0, 6, 20, 3]","[(0, 3), (1, 1), (0, 0), (1, 2), (4, 0), (0, 3)]",5,1,1
4-12,"[4, 9, 0, 5, 12, 4]","[(1, 0), (3, 1), (0, 0), (1, 1), (5, 0), (1, 0)]",5,1,1
4-20,"[4, 9, 0, 6, 20, 4]","[(1, 0), (3, 1), (0, 0), (1, 2), (4, 0), (1, 0)]",5,1,1
4-28,"[4, 9, 0, 5, 28, 4]","[(1, 0), (3, 1), (0, 0), (1, 1), (3, 0), (1, 0)]",5,1,1
12-36,"[12, 5, 0, 6, 36, 12]","[(5, 0), (1, 1), (0, 0), (1, 2), (7, 0), (5, 0)]",5,1,1
28-36,"[28, 5, 0, 6, 36, 28]","[(3, 0), (1, 1), (0, 0), (1, 2), (7, 0), (3, 0)]",5,1,1
1-8,"[1, 6, 0, 5, 8, 1]","[(0, 1), (1, 2), (0, 0), (1, 1), (2, 0), (0, 1)]",5,2,5
1-16,"[1, 6, 0, 5, 16, 1]","[(0, 1), (1, 2), (0, 0), (1, 1), (6, 0), (0, 1)]",5,2,5
2-36,"[2, 5, 0, 6, 36, 2]","[(0, 2), (1, 1), (0, 0), (1, 2), (7, 0), (0, 2)]",5,2,5
3-36,"[3, 5, 0, 6, 36, 3]","[(0, 3), (1, 1), (0, 0), (1, 2), (7, 0), (0, 3)]",5,2,5
8-20,"[8, 5, 0, 6, 20, 8]","[(2, 0), (1, 1), (0, 0), (1, 2), (4, 0), (2, 0)]",5,2,5
16-20,"[16, 5, 0, 6, 20, 16]","[(6, 0), (1, 1), (0, 0), (1, 2), (4, 0), (6, 0)]",5,2,5
